vendor,brand,item_code,code_synthesized,description,size,finish,colour,uom,pack_qty,mrp,currency,gst_inclusive,hsn,price_valid_from,source_file,source_page,raw_line
reginox,Reginox,REGINOX-NEW-YORK-34X40+18X40-COPPER-II,True,"NEW YORK 34X40+18X40 double bowl sink, Copper II PVD",34X40+18X40 (total 580x440mm),,Copper II,,,126800,INR,False,,2026-09-01,Pricelist -2026/Reginox Price List 2026 September.pdf,2,
reginox,Reginox,REGINOX-NEW-YORK-34X40+18X40-GOLD-II,True,"NEW YORK 34X40+18X40 double bowl sink, Gold II PVD",34X40+18X40 (total 580x440mm),,Gold II,,,126800,INR,False,,2026-09-01,Pricelist -2026/Reginox Price List 2026 September.pdf,2,
reginox,Reginox,REGINOX-NEW-YORK-34X40+18X40-GUN-METAL-II,True,"NEW YORK 34X40+18X40 double bowl sink, Gun Metal II PVD",34X40+18X40 (total 580x440mm),,Gun Metal II,,,126800,INR,False,,2026-09-01,Pricelist -2026/Reginox Price List 2026 September.pdf,2,
reginox,Reginox,REGINOX-NEW-YORK-50X40-COPPER-II,True,"NEW YORK 50X40 single bowl sink, Copper II PVD",50X40 (total 540x440mm),,Copper II,,,104700,INR,False,,2026-09-01,Pricelist -2026/Reginox Price List 2026 September.pdf,2,
reginox,Reginox,REGINOX-NEW-YORK-50X40-GOLD-II,True,"NEW YORK 50X40 single bowl sink, Gold II PVD",50X40 (total 540x440mm),,Gold II,,,104700,INR,False,,2026-09-01,Pricelist -2026/Reginox Price List 2026 September.pdf,2,
reginox,Reginox,REGINOX-NEW-YORK-50X40-GUN-METAL-II,True,"NEW YORK 50X40 single bowl sink, Gun Metal II PVD",50X40 (total 540x440mm),,Gun Metal II,,,104700,INR,False,,2026-09-01,Pricelist -2026/Reginox Price List 2026 September.pdf,2,
reginox,Reginox,REGINOX-NEW-YORK-18X40-COPPER-II,True,"NEW YORK 18X40 single bowl sink, Copper II PVD",18X40 (total 220x440mm),,Copper II,,,63900,INR,False,,2026-09-01,Pricelist -2026/Reginox Price List 2026 September.pdf,2,
reginox,Reginox,REGINOX-NEW-YORK-18X40-GOLD-II,True,"NEW YORK 18X40 single bowl sink, Gold II PVD",18X40 (total 220x440mm),,Gold II,,,63900,INR,False,,2026-09-01,Pricelist -2026/Reginox Price List 2026 September.pdf,2,
reginox,Reginox,REGINOX-NEW-YORK-18X40-GUN-METAL-II,True,"NEW YORK 18X40 single bowl sink, Gun Metal II PVD",18X40 (total 220x440mm),,Gun Metal II,,,63900,INR,False,,2026-09-01,Pricelist -2026/Reginox Price List 2026 September.pdf,2,
reginox,Reginox,REGINOX-MIAMI-40X40-COPPER,True,"MIAMI 40X40 single bowl sink, Copper PVD satin",40X40 (total 440x440mm),,Copper,,,76500,INR,False,,2026-09-01,Pricelist -2026/Reginox Price List 2026 September.pdf,2,
reginox,Reginox,REGINOX-MIAMI-40X40-GOLD,True,"MIAMI 40X40 single bowl sink, Gold PVD satin",40X40 (total 440x440mm),,Gold,,,76500,INR,False,,2026-09-01,Pricelist -2026/Reginox Price List 2026 September.pdf,2,
reginox,Reginox,REGINOX-MIAMI-40X40-GUN-METAL,True,"MIAMI 40X40 single bowl sink, Gun Metal PVD satin",40X40 (total 440x440mm),,Gun Metal,,,76500,INR,False,,2026-09-01,Pricelist -2026/Reginox Price List 2026 September.pdf,2,
reginox,Reginox,REGINOX-MIAMI-50X40-COPPER,True,"MIAMI 50X40 single bowl sink, Copper PVD satin",50X40 (total 540x440mm),,Copper,,,81400,INR,False,,2026-09-01,Pricelist -2026/Reginox Price List 2026 September.pdf,2,
reginox,Reginox,REGINOX-MIAMI-50X40-GOLD,True,"MIAMI 50X40 single bowl sink, Gold PVD satin",50X40 (total 540x440mm),,Gold,,,81400,INR,False,,2026-09-01,Pricelist -2026/Reginox Price List 2026 September.pdf,2,
reginox,Reginox,REGINOX-MIAMI-50X40-GUN-METAL,True,"MIAMI 50X40 single bowl sink, Gun Metal PVD satin",50X40 (total 540x440mm),,Gun Metal,,,81400,INR,False,,2026-09-01,Pricelist -2026/Reginox Price List 2026 September.pdf,2,
reginox,Reginox,REGINOX-CEDAR-FAUCET-GUN-METAL-II,True,"CEDAR single-handle mixer tap, pull-out, PVD",,,Gun Metal II,,,68900,INR,False,,2026-09-01,Pricelist -2026/Reginox Price List 2026 September.pdf,2,
reginox,Reginox,REGINOX-COLANDER-PVD,True,"COLANDER accessory, Gold/Copper/Gun Metal PVD (for Miami, New York, Verona sizes)",,,Gold/Copper/Gun Metal,,,23200,INR,False,,2026-09-01,Pricelist -2026/Reginox Price List 2026 September.pdf,2,
reginox,Reginox,REGINOX-FLINT-FAUCET-GUN-METAL-II,True,"FLINT single-handle mixer tap, pull-out, PVD",,,Gun Metal II,,,68900,INR,False,,2026-09-01,Pricelist -2026/Reginox Price List 2026 September.pdf,2,
reginox,Reginox,REGINOX-COLOURED-SOAP-DISPENSER-BLACK,True,"Coloured soap dispenser, black powder coated",,,Black,,,25800,INR,False,,2026-09-01,Pricelist -2026/Reginox Price List 2026 September.pdf,2,
reginox,Reginox,REGINOX-CRYSTAL-FAUCET-GUN-METAL-II,True,"CRYSTAL single-handle mixer tap, brushed stainless, PVD",,,Gun Metal II,,,54900,INR,False,,2026-09-01,Pricelist -2026/Reginox Price List 2026 September.pdf,2,
reginox,Reginox,REGINOX-BOTTOMGRID-50X40,True,Bottom grid 50X40 for Miami & New York series,50X40,,,,,14500,INR,False,,2026-09-01,Pricelist -2026/Reginox Price List 2026 September.pdf,2,
reginox,Reginox,REGINOX-BOTTOMGRID-40X40,True,Bottom grid 40X40 for Miami & New York series,40X40,,,,,12400,INR,False,,2026-09-01,Pricelist -2026/Reginox Price List 2026 September.pdf,2,
reginox,Reginox,REGINOX-CANO-FAUCET-GUN-METAL-II,True,"CANO single-handle mixer tap, brushed stainless, PVD",,,Gun Metal II,,,54900,INR,False,,2026-09-01,Pricelist -2026/Reginox Price List 2026 September.pdf,2,
reginox,Reginox,REGINOX-PUSH-POPUP,True,"Push popup waste, Copper/Gold/Gun Metal for New York series",,,Copper/Gold/Gun Metal,,,14700,INR,False,,2026-09-01,Pricelist -2026/Reginox Price List 2026 September.pdf,2,
reginox,Reginox,REGINOX-NEW-YORK-40X40-OKG,True,NEW YORK 40X40 stainless steel single bowl sink (OKG),40X40 (total 440x440mm),,Stainless steel,,,38700,INR,False,,2026-09-01,Pricelist -2026/Reginox Price List 2026 September.pdf,3,
reginox,Reginox,REGINOX-NEW-YORK-50X40-OKG,True,NEW YORK 50X40 stainless steel single bowl sink (OKG),50X40 (total 540x440mm),,Stainless steel,,,44100,INR,False,,2026-09-01,Pricelist -2026/Reginox Price List 2026 September.pdf,3,
reginox,Reginox,REGINOX-NEW-YORK-55X40-OKG,True,NEW YORK 55X40 stainless steel single bowl sink (OKG),55X40 (total 590x440mm),,Stainless steel,,,49900,INR,False,,2026-09-01,Pricelist -2026/Reginox Price List 2026 September.pdf,3,
reginox,Reginox,REGINOX-NEW-YORK-72X40-OKG,True,NEW YORK 72X40 stainless steel single bowl sink (OKG),72X40 (total 760x440mm),,Stainless steel,,,57400,INR,False,,2026-09-01,Pricelist -2026/Reginox Price List 2026 September.pdf,3,
reginox,Reginox,REGINOX-NEW-YORK-50X40-TAPWING,True,NEW YORK 50X40 stainless steel sink with tapwing,50X40 (total 540x510mm),,Stainless steel,,,49900,INR,False,,2026-09-01,Pricelist -2026/Reginox Price List 2026 September.pdf,3,
reginox,Reginox,REGINOX-NEW-YORK-SLIM-40X40,True,NEW YORK SLIM 40X40 stainless steel single bowl sink,40X40 (total 403x415mm),,Stainless steel,,,51500,INR,False,,2026-09-01,Pricelist -2026/Reginox Price List 2026 September.pdf,3,
reginox,Reginox,REGINOX-NEW-YORK-SLIM-50X40,True,NEW YORK SLIM 50X40 stainless steel single bowl sink,50X40 (total 515x415mm),,Stainless steel,,,54600,INR,False,,2026-09-01,Pricelist -2026/Reginox Price List 2026 September.pdf,3,
reginox,Reginox,REGINOX-NEW-YORK-50X40+18X40,True,NEW YORK 50X40+18X40 stainless steel double bowl sink,50X40+18X40 (total 740x440mm),,Stainless steel,,,89900,INR,False,,2026-09-01,Pricelist -2026/Reginox Price List 2026 September.pdf,3,
reginox,Reginox,REGINOX-NEW-YORK-40X40+40X40,True,NEW YORK 40X40+40X40 stainless steel double bowl sink,40X40+40X40 (total 860x440mm),,Stainless steel,,,95300,INR,False,,2026-09-01,Pricelist -2026/Reginox Price List 2026 September.pdf,3,
reginox,Reginox,REGINOX-KANSAS-50X40,True,"KANSAS 50X40 stainless steel single bowl sink, 75cm deep",50X40 (total 540x440mm),,Stainless steel,,,54700,INR,False,,2026-09-01,Pricelist -2026/Reginox Price List 2026 September.pdf,3,
reginox,Reginox,REGINOX-OHIO-18X40,True,OHIO 18X40 stainless steel single bowl sink,18X40 (total 220x440mm),,Stainless steel,,,27300,INR,False,,2026-09-01,Pricelist -2026/Reginox Price List 2026 September.pdf,3,
reginox,Reginox,REGINOX-OHIO-80X42,True,OHIO 80X42 stainless steel single bowl sink,80X42 (total 840x460mm),,Stainless steel,,,58200,INR,False,,2026-09-01,Pricelist -2026/Reginox Price List 2026 September.pdf,3,
reginox,Reginox,REGINOX-PHENIX-50-LEFT,True,"PHENIX 50 LEFT stainless steel sink, popup option available",50 (total 1000x510mm),,Stainless steel,,,112800,INR,False,,2026-09-01,Pricelist -2026/Reginox Price List 2026 September.pdf,3,
reginox,Reginox,REGINOX-PHENIX-50-RIGHT,True,"PHENIX 50 RIGHT stainless steel sink, popup option available",50 (total 1000x510mm),,Stainless steel,,,112800,INR,False,,2026-09-01,Pricelist -2026/Reginox Price List 2026 September.pdf,3,
reginox,Reginox,REGINOX-YORK-40X40,True,"YORK 40X40 stainless steel single bowl sink, satin brushed",40X40 (total 440x440mm),,Stainless steel satin,,,22200,INR,False,,2026-09-01,Pricelist -2026/Reginox Price List 2026 September.pdf,3,
reginox,Reginox,REGINOX-YORK-50X40,True,"YORK 50X40 stainless steel single bowl sink, satin brushed",50X40 (total 540x440mm),,Stainless steel satin,,,23200,INR,False,,2026-09-01,Pricelist -2026/Reginox Price List 2026 September.pdf,3,
reginox,Reginox,REGINOX-VERO-100,True,"VERO 100 stainless steel sink with drainer, satin brushed",100 (total 1000x450mm),,Stainless steel satin,,,37200,INR,False,,2026-09-01,Pricelist -2026/Reginox Price List 2026 September.pdf,3,
reginox,Reginox,REGINOX-HOUSTON-40X40,True,"HOUSTON 40X40 stainless steel single bowl sink, satin",40X40 (total 440x440mm),,Stainless steel satin,,,25400,INR,False,,2026-09-01,Pricelist -2026/Reginox Price List 2026 September.pdf,3,
reginox,Reginox,REGINOX-CENTURIO-L30-OKG,True,CENTURIO L30 OKG stainless steel sink with drainer,L30 (total 850x490mm),,Stainless steel satin,,,37800,INR,False,,2026-09-01,Pricelist -2026/Reginox Price List 2026 September.pdf,4,
reginox,Reginox,REGINOX-CENTURIO-R10-OKG,True,CENTURIO R10 OKG stainless steel sink with drainer,R10 (total 860x500mm),,Stainless steel satin,,,29900,INR,False,,2026-09-01,Pricelist -2026/Reginox Price List 2026 September.pdf,4,
reginox,Reginox,REGINOX-CENTURIO-L20,True,CENTURIO L20 stainless steel double bowl sink,L20 (total 850x490mm),,Stainless steel satin,,,42700,INR,False,,2026-09-01,Pricelist -2026/Reginox Price List 2026 September.pdf,4,
reginox,Reginox,REGINOX-CENTURIO-L30-DOUBLE,True,CENTURIO L30 stainless steel double bowl sink with drainer,L30 (total 1150x490mm),,Stainless steel satin,,,49900,INR,False,,2026-09-01,Pricelist -2026/Reginox Price List 2026 September.pdf,4,
reginox,Reginox,REGINOX-MONACO-R1.5,True,MONACO R1.5 stainless steel sink with drainer (Classics),R1.5 (total 965x500mm),,Stainless steel satin,,,23900,INR,False,,2026-09-01,Pricelist -2026/Reginox Price List 2026 September.pdf,4,
reginox,Reginox,REGINOX-DIPLOMAT-30-LUX,True,DIPLOMAT 30 LUX stainless steel double bowl sink (Classics),30 LUX (total 1160x500mm),,Stainless steel satin,,,34900,INR,False,,2026-09-01,Pricelist -2026/Reginox Price List 2026 September.pdf,4,
reginox,Reginox,REGINOX-COLORADO-COMFORT,True,COLORADO COMFORT stainless steel single bowl sink (Classics),total 445x393mm,,Stainless steel satin,,,19200,INR,False,,2026-09-01,Pricelist -2026/Reginox Price List 2026 September.pdf,4,
reginox,Reginox,REGINOX-L18-390-OKG,True,L18 390 OKG stainless steel round bowl sink (Classics),390 (total 440mm),,Stainless steel satin,,,16800,INR,False,,2026-09-01,Pricelist -2026/Reginox Price List 2026 September.pdf,4,
reginox,Reginox,REGINOX-MINISTER-10-OKG,True,MINISTER 10 OKG stainless steel sink with drainer (Classics),10 (total 1000x500mm),,Stainless steel satin,,,33100,INR,False,,2026-09-01,Pricelist -2026/Reginox Price List 2026 September.pdf,4,
reginox,Reginox,REGINOX-PANAMA-SYPHON,True,"PANAMA space saving syphon, dishwasher connection (Red Dot 2016)",,,,,,5700,INR,False,,2026-09-01,Pricelist -2026/Reginox Price List 2026 September.pdf,4,
reginox,Reginox,REGINOX-ASPEN-DRAINBOARD,True,"ASPEN removable drainboard (for Houston, York, New York, Kansas)",,,,,,26600,INR,False,,2026-09-01,Pricelist -2026/Reginox Price List 2026 September.pdf,4,
reginox,Reginox,REGINOX-ONTARIO-50X40-RVS-BODEM,True,ONTARIO 50X40 RVS bodem/base tray,50X40 (total 440x540mm),,,,,35900,INR,False,,2026-09-01,Pricelist -2026/Reginox Price List 2026 September.pdf,4,
reginox,Reginox,REGINOX-COLANDER-SS-P4,True,"COLANDER stainless steel (for Houston, New York, Kansas, Amsterdam, Verona, York)",,,Stainless steel,,,22200,INR,False,,2026-09-01,Pricelist -2026/Reginox Price List 2026 September.pdf,4,
reginox,Reginox,REGINOX-SOAP-DISPENSER-SS,True,"Soap dispenser, brushed stainless steel",,,Stainless steel,,,25800,INR,False,,2026-09-01,Pricelist -2026/Reginox Price List 2026 September.pdf,4,
reginox,Reginox,REGINOX-DRAIN-MAT,True,Drain mat,,,,,,13600,INR,False,,2026-09-01,Pricelist -2026/Reginox Price List 2026 September.pdf,4,
reginox,Reginox,REGINOX-REGI-SCRUB,True,Regi-scrub,,,,,,3400,INR,False,,2026-09-01,Pricelist -2026/Reginox Price List 2026 September.pdf,4,
reginox,Reginox,REGINOX-TEXEL-40,True,"TEXEL 40 granite sink, Black Silvery",40 (total 450x450mm),,Black Silvery,,,44900,INR,False,,2026-09-01,Pricelist -2026/Reginox Price List 2026 September.pdf,5,
reginox,Reginox,REGINOX-TEXEL-50,True,"TEXEL 50 granite sink, Black Silvery",50 (total 550x450mm),,Black Silvery,,,46900,INR,False,,2026-09-01,Pricelist -2026/Reginox Price List 2026 September.pdf,5,
reginox,Reginox,REGINOX-AMSTERDAM-40,True,"AMSTERDAM 40 granite sink (multi-colour, shown Caffe Silvery)",40 (total 460x460mm),,Caffe/Black/White/Grey Silvery,,,36400,INR,False,,2026-09-01,Pricelist -2026/Reginox Price List 2026 September.pdf,5,
reginox,Reginox,REGINOX-AMSTERDAM-50,True,"AMSTERDAM 50 granite sink (multi-colour, shown Black Silvery)",50 (total 560x460mm),,Black/Caffe/White/Grey Silvery,,,37200,INR,False,,2026-09-01,Pricelist -2026/Reginox Price List 2026 September.pdf,5,
reginox,Reginox,REGINOX-AMSTERDAM-54,True,AMSTERDAM 54 granite sink with tapwing (shown Pure White),54 (total 600x510mm),,Pure White/Silvery,,,38300,INR,False,,2026-09-01,Pricelist -2026/Reginox Price List 2026 September.pdf,5,
reginox,Reginox,REGINOX-AMSTERDAM-72,True,"AMSTERDAM 72 granite sink, Black Silvery",72 (total 780x460mm),,Black Silvery,,,39900,INR,False,,2026-09-01,Pricelist -2026/Reginox Price List 2026 September.pdf,5,
reginox,Reginox,REGINOX-AMSTERDAM-540,True,"AMSTERDAM 540 granite sink with drainer, Grey Silvery",540 (total 1000x500mm),,Grey Silvery,,,44100,INR,False,,2026-09-01,Pricelist -2026/Reginox Price List 2026 September.pdf,5,
reginox,Reginox,REGINOX-AMSTERDAM-10,True,"AMSTERDAM 10 granite sink with drainer, Caffe Silvery",10 (total 860x500mm),,Caffe Silvery,,,40700,INR,False,,2026-09-01,Pricelist -2026/Reginox Price List 2026 September.pdf,5,
reginox,Reginox,REGINOX-AMSTERDAM-15,True,"AMSTERDAM 15 granite sink 1.5 bowl with drainer, Black Silvery",15 (total 1000x500mm),,Black Silvery,,,46400,INR,False,,2026-09-01,Pricelist -2026/Reginox Price List 2026 September.pdf,5,
reginox,Reginox,REGINOX-AMSTERDAM-20,True,"AMSTERDAM 20 granite double bowl sink, Grey Silvery",20 (total 860x500mm),,Grey Silvery,,,48900,INR,False,,2026-09-01,Pricelist -2026/Reginox Price List 2026 September.pdf,5,
reginox,Reginox,REGINOX-AMSTERDAM-25,True,"AMSTERDAM 25 granite sink, Pure White",25 (total 860x500mm),,Pure White,,,52400,INR,False,,2026-09-01,Pricelist -2026/Reginox Price List 2026 September.pdf,5,
reginox,Reginox,REGINOX-HARLEM-10,True,"HARLEM 10 granite sink with drainer, Black Silvery",10 (total 1000x500mm),,Black Silvery,,,42900,INR,False,,2026-09-01,Pricelist -2026/Reginox Price List 2026 September.pdf,5,
reginox,Reginox,REGINOX-PVD-WASTE-KIT-GRANITE,True,"PVD waste kit for Regi-Granite Amsterdam/Texel, Gun Metal/Gold/Copper",,,Gun Metal/Gold/Copper,,,7900,INR,False,,2026-09-01,Pricelist -2026/Reginox Price List 2026 September.pdf,5,
reginox,Reginox,REGINOX-FLORENCE-72-NERO-BLACK,True,"FLORENCE 72 Elite granite sink, Nero Black",72 (total 790x510mm),,Nero Black,,,51400,INR,False,,2026-09-01,Pricelist -2026/Reginox Price List 2026 September.pdf,6,
reginox,Reginox,REGINOX-VERONA-40-NERO-BLACK,True,"VERONA 40 Elite granite sink, Nero Black",40 (total 456x456mm),,Nero Black,,,45800,INR,False,,2026-09-01,Pricelist -2026/Reginox Price List 2026 September.pdf,6,
reginox,Reginox,REGINOX-VERONA-50-NERO-BLACK,True,"VERONA 50 Elite granite sink, Nero Black",50 (total 556x456mm),,Nero Black,,,47800,INR,False,,2026-09-01,Pricelist -2026/Reginox Price List 2026 September.pdf,6,
reginox,Reginox,REGINOX-VERONA-70-NERO-BLACK,True,"VERONA 70 Elite granite sink, Nero Black",70 (total 756x456mm),,Nero Black,,,52200,INR,False,,2026-09-01,Pricelist -2026/Reginox Price List 2026 September.pdf,6,
reginox,Reginox,REGINOX-BARI-5-NERO-BLACK,True,"BARI 5 Elite granite sink with drainer, Nero Black",5 (total 680x500mm),,Nero Black,,,55800,INR,False,,2026-09-01,Pricelist -2026/Reginox Price List 2026 September.pdf,6,
reginox,Reginox,REGINOX-BELFAST-II,True,BELFAST II ceramic farmhouse sink,total 595x455mm,,White ceramic,,,68500,INR,False,,2026-09-01,Pricelist -2026/Reginox Price List 2026 September.pdf,6,
reginox,Reginox,REGINOX-RL304-CW-II,True,RL304 CW II ceramic sink with drainer,total 1010x525mm,,White ceramic,,,76500,INR,False,,2026-09-01,Pricelist -2026/Reginox Price List 2026 September.pdf,6,
reginox,Reginox,REGINOX-RL504-CW-II,True,RL504 CW II ceramic sink with drainer,total 1010x525mm,,White ceramic,,,85900,INR,False,,2026-09-01,Pricelist -2026/Reginox Price List 2026 September.pdf,6,
reginox,Reginox,REGINOX-CEDAR-TAP-PVD-COPPER-II,True,"CEDAR single-handle mixer tap, pull-out, PVD",,,Copper II,,,68900,INR,False,,2026-09-01,Pricelist -2026/Reginox Price List 2026 September.pdf,7,
reginox,Reginox,REGINOX-CEDAR-TAP-PVD-GOLD-II,True,"CEDAR single-handle mixer tap, pull-out, PVD",,,Gold II,,,68900,INR,False,,2026-09-01,Pricelist -2026/Reginox Price List 2026 September.pdf,7,
reginox,Reginox,REGINOX-CEDAR-TAP-PVD-GUN-METAL-II,True,"CEDAR single-handle mixer tap, pull-out, PVD",,,Gun Metal II,,,68900,INR,False,,2026-09-01,Pricelist -2026/Reginox Price List 2026 September.pdf,7,
reginox,Reginox,REGINOX-FLINT-TAP-PVD-COPPER-II,True,"FLINT single-handle mixer tap, pull-out, dual-flow, PVD",,,Copper II,,,68900,INR,False,,2026-09-01,Pricelist -2026/Reginox Price List 2026 September.pdf,7,
reginox,Reginox,REGINOX-FLINT-TAP-PVD-GOLD-II,True,"FLINT single-handle mixer tap, pull-out, dual-flow, PVD",,,Gold II,,,68900,INR,False,,2026-09-01,Pricelist -2026/Reginox Price List 2026 September.pdf,7,
reginox,Reginox,REGINOX-FLINT-TAP-PVD-GUN-METAL-II,True,"FLINT single-handle mixer tap, pull-out, dual-flow, PVD",,,Gun Metal II,,,68900,INR,False,,2026-09-01,Pricelist -2026/Reginox Price List 2026 September.pdf,7,
reginox,Reginox,REGINOX-CRYSTAL-TAP-PVD-COPPER-II,True,"CRYSTAL single-handle mixer tap, brushed stainless, PVD",,,Copper II,,,54900,INR,False,,2026-09-01,Pricelist -2026/Reginox Price List 2026 September.pdf,7,
reginox,Reginox,REGINOX-CRYSTAL-TAP-PVD-GOLD-II,True,"CRYSTAL single-handle mixer tap, brushed stainless, PVD",,,Gold II,,,54900,INR,False,,2026-09-01,Pricelist -2026/Reginox Price List 2026 September.pdf,7,
reginox,Reginox,REGINOX-CRYSTAL-TAP-PVD-GUN-METAL-II,True,"CRYSTAL single-handle mixer tap, brushed stainless, PVD",,,Gun Metal II,,,54900,INR,False,,2026-09-01,Pricelist -2026/Reginox Price List 2026 September.pdf,7,
reginox,Reginox,REGINOX-CANO-TAP-PVD-COPPER-II,True,"CANO single-handle mixer tap, brushed stainless, PVD",,,Copper II,,,54900,INR,False,,2026-09-01,Pricelist -2026/Reginox Price List 2026 September.pdf,7,
reginox,Reginox,REGINOX-CANO-TAP-PVD-GOLD-II,True,"CANO single-handle mixer tap, brushed stainless, PVD",,,Gold II,,,54900,INR,False,,2026-09-01,Pricelist -2026/Reginox Price List 2026 September.pdf,7,
reginox,Reginox,REGINOX-CANO-TAP-PVD-GUN-METAL-II,True,"CANO single-handle mixer tap, brushed stainless, PVD",,,Gun Metal II,,,54900,INR,False,,2026-09-01,Pricelist -2026/Reginox Price List 2026 September.pdf,7,
reginox,Reginox,REGINOX-SPRING-TAP,True,"SPRING single-handle mixer tap, brushed stainless steel",,,Stainless steel,,,30500,INR,False,,2026-09-01,Pricelist -2026/Reginox Price List 2026 September.pdf,7,
reginox,Reginox,REGINOX-KELSO-TAP,True,"KELSO single-handle mixer tap, brushed stainless steel",,,Stainless steel,,,31700,INR,False,,2026-09-01,Pricelist -2026/Reginox Price List 2026 September.pdf,7,
reginox,Reginox,REGINOX-LOGAN-TAP,True,"LOGAN single-handle mixer tap, brushed stainless steel",,,Stainless steel,,,30500,INR,False,,2026-09-01,Pricelist -2026/Reginox Price List 2026 September.pdf,7,
reginox,Reginox,REGINOX-HURON-TAP,True,"HURON single-handle mixer tap, pull-out, brushed stainless steel",,,Stainless steel,,,37500,INR,False,,2026-09-01,Pricelist -2026/Reginox Price List 2026 September.pdf,7,
reginox,Reginox,REGINOX-PALM-TAP,True,"PALM single-handle mixer tap, pull-out, brushed stainless steel",,,Stainless steel,,,37500,INR,False,,2026-09-01,Pricelist -2026/Reginox Price List 2026 September.pdf,7,
reginox,Reginox,REGINOX-PEARL-TAP-BLACK,True,"PEARL single-handle mixer tap, powder coated",,,Black,,,45700,INR,False,,2026-09-01,Pricelist -2026/Reginox Price List 2026 September.pdf,7,
reginox,Reginox,REGINOX-CEDAR-TAP-POWDER-BLACK,True,"CEDAR single-handle mixer tap, pull-out, powder coated",,,Black,,,64100,INR,False,,2026-09-01,Pricelist -2026/Reginox Price List 2026 September.pdf,7,
reginox,Reginox,REGINOX-YADKIN-TAP-WHITE,True,"YADKIN single-handle mixer tap, powder coated",,,White,,,51500,INR,False,,2026-09-01,Pricelist -2026/Reginox Price List 2026 September.pdf,7,
reginox,Reginox,REGINOX-FLINT-TAP-POWDER-BLACK,True,"FLINT single-handle mixer tap, pull-out, dual-flow, powder coated",,,Black,,,64300,INR,False,,2026-09-01,Pricelist -2026/Reginox Price List 2026 September.pdf,7,
reginox,Reginox,REGINOX-YUKON-TAP-CHROME,True,"YUKON single-handle mixer tap, dual-flow, chrome",,,Chrome,,,63200,INR,False,,2026-09-01,Pricelist -2026/Reginox Price List 2026 September.pdf,7,
reginox,Reginox,REGINOX-CEDAR-TAP-CHROME,True,"CEDAR single-handle mixer tap, pull-out, chrome",,,Chrome,,,48300,INR,False,,2026-09-01,Pricelist -2026/Reginox Price List 2026 September.pdf,7,
reginox,Reginox,REGINOX-INOX-CARE-SS-150ML,True,"INOX CARE for SS sinks, 150ml",,,,,,3400,INR,False,,2026-09-01,Pricelist -2026/Reginox Price List 2026 September.pdf,8,
reginox,Reginox,REGINOX-REGI-CLEAN-DESCALER-250ML,True,"REGI-CLEAN descaler for granite, 250ml",,,,,,3400,INR,False,,2026-09-01,Pricelist -2026/Reginox Price List 2026 September.pdf,8,
reginox,Reginox,REGINOX-REGI-CLEAN-OIL-COATING-250ML,True,"REGI-CLEAN oil-coating for granite, 250ml",,,,,,4600,INR,False,,2026-09-01,Pricelist -2026/Reginox Price List 2026 September.pdf,8,
